{
  "dataset_revision": "0fd18e25b25c072e09e0d92ab615fda904d66300",
  "mteb_dataset_name": "Banking77Classification",
  "mteb_version": "1.8.6",
  "test": {
    "accuracy": 0.8283766233766234,
    "accuracy_stderr": 0.006593707422071937,
    "evaluation_time": 731.38,
    "f1": 0.8246978528380395,
    "f1_stderr": 0.006516048114671054,
    "main_score": 0.8283766233766234
  }
}