{
  "dataset_revision": "7d571f92784cd94a019292a1f45445077d0ef634",
  "mteb_dataset_name": "MassiveScenarioClassification",
  "mteb_version": "1.8.6",
  "test": {
    "en": {
      "accuracy": 0.6466375252185609,
      "accuracy_stderr": 0.012489636364466457,
      "f1": 0.6278909176838343,
      "f1_stderr": 0.010637921772797921,
      "main_score": 0.6466375252185609
    },
    "evaluation_time": 328.32
  },
  "validation": {
    "en": {
      "accuracy": 0.6406787998032465,
      "accuracy_stderr": 0.017663016499119565,
      "f1": 0.6238587398708118,
      "f1_stderr": 0.014055663978722972,
      "main_score": 0.6406787998032465
    },
    "evaluation_time": 259.98
  }
}