{
  "dataset_revision": "af5e6fb845001ecf41f4c1e033ce921939a2a68d",
  "mteb_dataset_name": "STS17",
  "mteb_version": "1.8.6",
  "test": {
    "ar-ar": {
      "cos_sim": {
        "pearson": 0.7537952531242701,
        "spearman": 0.754150302025625
      },
      "euclidean": {
        "pearson": 0.7206240483717332,
        "spearman": 0.754150302025625
      },
      "manhattan": {
        "pearson": 0.7213715366357609,
        "spearman": 0.7536796631799825
      }
    },
    "en-ar": {
      "cos_sim": {
        "pearson": 0.5236486549510185,
        "spearman": 0.5021652920828652
      },
      "euclidean": {
        "pearson": 0.5294641503850067,
        "spearman": 0.5021652920828652
      },
      "manhattan": {
        "pearson": 0.513822376053829,
        "spearman": 0.4872044862071221
      }
    },
    "en-de": {
      "cos_sim": {
        "pearson": 0.7327019274202504,
        "spearman": 0.7395597444386607
      },
      "euclidean": {
        "pearson": 0.7327537363987415,
        "spearman": 0.7395597444386607
      },
      "manhattan": {
        "pearson": 0.7285617347682277,
        "spearman": 0.7275831010968506
      }
    },
    "en-en": {
      "cos_sim": {
        "pearson": 0.8512186129506776,
        "spearman": 0.8650329290540041
      },
      "euclidean": {
        "pearson": 0.8298881987650755,
        "spearman": 0.8650329290540041
      },
      "manhattan": {
        "pearson": 0.828535737161524,
        "spearman": 0.8633377402637681
      }
    },
    "en-tr": {
      "cos_sim": {
        "pearson": 0.5409258646629662,
        "spearman": 0.5347466279888039
      },
      "euclidean": {
        "pearson": 0.5441191569725724,
        "spearman": 0.5347466279888039
      },
      "manhattan": {
        "pearson": 0.5471207575454026,
        "spearman": 0.5389934927094122
      }
    },
    "es-en": {
      "cos_sim": {
        "pearson": 0.6771676504944599,
        "spearman": 0.6896806893583453
      },
      "euclidean": {
        "pearson": 0.6728874727214504,
        "spearman": 0.6896806893583453
      },
      "manhattan": {
        "pearson": 0.6644777624264792,
        "spearman": 0.671858439883475
      }
    },
    "es-es": {
      "cos_sim": {
        "pearson": 0.8478811870417545,
        "spearman": 0.83411010861113
      },
      "euclidean": {
        "pearson": 0.817830502922579,
        "spearman": 0.83411010861113
      },
      "manhattan": {
        "pearson": 0.8157545815915573,
        "spearman": 0.8281311650981744
      }
    },
    "evaluation_time": 790.74,
    "fr-en": {
      "cos_sim": {
        "pearson": 0.6859845590439372,
        "spearman": 0.6854309440991871
      },
      "euclidean": {
        "pearson": 0.6800259853135989,
        "spearman": 0.6854309440991871
      },
      "manhattan": {
        "pearson": 0.6673851386795346,
        "spearman": 0.6684886661106043
      }
    },
    "it-en": {
      "cos_sim": {
        "pearson": 0.6135286322526123,
        "spearman": 0.5985780809702401
      },
      "euclidean": {
        "pearson": 0.6153947014141835,
        "spearman": 0.5985780809702401
      },
      "manhattan": {
        "pearson": 0.6025530287465423,
        "spearman": 0.5833267634098315
      }
    },
    "ko-ko": {
      "cos_sim": {
        "pearson": 0.7581684141753344,
        "spearman": 0.7637968724751512
      },
      "euclidean": {
        "pearson": 0.7430877120217596,
        "spearman": 0.7637968724751512
      },
      "manhattan": {
        "pearson": 0.7406462332394875,
        "spearman": 0.7602712883421415
      }
    },
    "nl-en": {
      "cos_sim": {
        "pearson": 0.6825197222653208,
        "spearman": 0.6840590328084043
      },
      "euclidean": {
        "pearson": 0.6839332543062584,
        "spearman": 0.6840590328084043
      },
      "manhattan": {
        "pearson": 0.6874947599824371,
        "spearman": 0.6881943709048576
      }
    }
  }
}