{
  "dataset_revision": "69e8f12da6e31d59addadda9a9c8a2e601a0e282",
  "mteb_dataset_name": "Tatoeba",
  "mteb_version": "1.8.6",
  "test": {
    "evaluation_time": 149.06,
    "kor-eng": {
      "accuracy": 0.737,
      "f1": 0.6820222222222221,
      "main_score": 0.6820222222222221,
      "precision": 0.6582749999999999,
      "recall": 0.737
    }
  }
}