{
  "dataset_revision": "1399c76144fd37290681b995c656ef9b2e06e26d",
  "mteb_dataset_name": "AmazonReviewsClassification",
  "mteb_version": "1.8.6",
  "test": {
    "en": {
      "accuracy": 0.30136,
      "accuracy_stderr": 0.01340531237979929,
      "f1": 0.3011630137699905,
      "f1_stderr": 0.013339771086223402,
      "main_score": 0.30136
    },
    "evaluation_time": 407.29
  },
  "validation": {
    "en": {
      "accuracy": 0.30207999999999996,
      "accuracy_stderr": 0.01428907274808271,
      "f1": 0.3016213972694989,
      "f1_stderr": 0.013961368677368007,
      "main_score": 0.30207999999999996
    },
    "evaluation_time": 407.12
  }
}