{
  "dataset_revision": "80dc3040d19756742c9a18267ab30f54fb8e226b",
  "dev": {
    "eng_Latn-kor_Hang": {
      "accuracy": 0.9438314944834504,
      "f1": 0.9261116683383483,
      "main_score": 0.9261116683383483,
      "precision": 0.9174189234369777,
      "recall": 0.9438314944834504
    },
    "evaluation_time": 301.35,
    "kor_Hang-eng_Latn": {
      "accuracy": 0.9438314944834504,
      "f1": 0.9261116683383485,
      "main_score": 0.9261116683383485,
      "precision": 0.9174189234369777,
      "recall": 0.9438314944834504
    }
  },
  "devtest": {
    "eng_Latn-kor_Hang": {
      "accuracy": 0.9288537549407114,
      "f1": 0.9076745718050065,
      "main_score": 0.9076745718050065,
      "precision": 0.8973155467720686,
      "recall": 0.9288537549407114
    },
    "evaluation_time": 299.5,
    "kor_Hang-eng_Latn": {
      "accuracy": 0.9229249011857708,
      "f1": 0.8999999999999999,
      "main_score": 0.8999999999999999,
      "precision": 0.8891633728590249,
      "recall": 0.9229249011857708
    }
  },
  "mteb_dataset_name": "FloresBitextMining",
  "mteb_version": "1.8.6"
}