{
  "dataset_revision": "aa56583bf2bc52b0565770607d6fc3faebecf9e2",
  "mteb_dataset_name": "LanguageClassification",
  "mteb_version": "1.8.6",
  "test": {
    "accuracy": 0.51728515625,
    "accuracy_stderr": 0.010314645255086635,
    "evaluation_time": 274.0,
    "f1": 0.4907406011692993,
    "f1_stderr": 0.012200936776636655,
    "main_score": 0.51728515625
  }
}